{
  "Real_youtube/708": 0.0032952512106434865,
  "Real_youtube/377": 0.0032620911952108145,
  "Real_youtube/273": 0.004730059807612138,
  "Real_youtube/263": 0.003191746919500557,
  "Real_youtube/020": 0.004642809635366906,
  "Real_youtube/126": 0.004788424205881628,
  "Real_youtube/928": 0.004907280100848187,
  "Real_youtube/364": 0.0032147570005194707,
  "Real_youtube/218": 0.0034350253514606843,
  "Real_youtube/339": 0.009247426239942963,
  "Real_youtube/859": 0.003776261011477221,
  "Real_youtube/228": 0.0030647384807128797,
  "Real_youtube/910": 0.00392193963158537,
  "Real_youtube/443": 0.005298283459110694,
  "Real_youtube/901": 0.004867045589807359,
  "Real_youtube/446": 0.004087567689235915,
  "Real_youtube/863": 0.00838729248128154,
  "Real_youtube/165": 0.0034365125466138124,
  "Real_youtube/270": 0.003998577234927903,
  "Real_youtube/202": 0.015036273112689907,
  "Real_youtube/143": 0.006860459985380823,
  "Real_youtube/754": 0.004490546882152557,
  "Real_youtube/600": 0.0034783498849719763,
  "Real_youtube/194": 0.0044771500185809355,
  "Real_youtube/181": 0.0036046919201246715,
  "Real_youtube/942": 0.003733413950116797,
  "Real_youtube/497": 0.003208348591049964,
  "Real_youtube/360": 0.004053684628822587,
  "Real_youtube/346": 0.009756057142195377,
  "Real_youtube/797": 0.003057548733936115,
  "Real_youtube/648": 0.0037439315241168847,
  "Real_youtube/340": 0.0036999453917484393,
  "Real_youtube/927": 0.0028789671645923095,
  "Real_youtube/208": 0.004107635679908774,
  "Real_youtube/515": 0.0054532866925001144,
  "Real_youtube/069": 0.006081172392110933,
  "Real_youtube/154": 0.0037794809322804213,
  "Real_youtube/077": 0.003321562766690146,
  "Real_youtube/465": 0.003222053383731029,
  "Real_youtube/671": 0.004903183805502274,
  "Real_youtube/164": 0.00993989655663344,
  "Real_youtube/484": 0.006977300836958669,
  "Real_youtube/084": 0.00726091345264153,
  "Real_youtube/200": 0.009478140643543818,
  "Real_youtube/438": 0.016135452484542675,
  "Real_youtube/240": 0.004556646993891759,
  "Real_youtube/016": 0.005100627281618389,
  "Real_youtube/694": 0.003231870454990051,
  "Real_youtube/864": 0.0036515343764966183,
  "Real_youtube/309": 0.004364079965109175,
  "Real_youtube/229": 0.00317846793173389,
  "Real_youtube/985": 0.005937612403861501,
  "Real_youtube/124": 0.003184016158973629,
  "Real_youtube/148": 0.004938109206374396,
  "Real_youtube/025": 0.0031198065685616298,
  "Real_youtube/663": 0.0036090522665869107,
  "Real_youtube/418": 0.004094502825120633,
  "Real_youtube/585": 0.0026545446704734454,
  "Real_youtube/820": 0.0029023365244608035,
  "Real_youtube/121": 0.010431884914975275,
  "Real_youtube/277": 0.0033520301803946495,
  "Real_youtube/578": 0.011990372091531754,
  "Real_youtube/561": 0.003845381677489389,
  "Real_youtube/379": 0.0072267751463434915,
  "Real_youtube/217": 0.003831076668575406,
  "Real_youtube/378": 0.004484840351241556,
  "Real_youtube/232": 0.003308505222032016,
  "Real_youtube/286": 0.0033415208189663563,
  "Real_youtube/226": 0.002861554120582613,
  "Real_youtube/380": 0.0029098638756708665,
  "Real_youtube/572": 0.008795264812017029,
  "Real_youtube/619": 0.003763039977374402,
  "Real_youtube/997": 0.002916031919250434,
  "Real_youtube/550": 0.004611872369423509,
  "Real_youtube/153": 0.0039905771105126905,
  "Real_youtube/996": 0.0072223326106640425,
  "Real_youtube/965": 0.005790114656768062,
  "Real_youtube/015": 0.0037406740117479453,
  "Real_youtube/842": 0.0060106206007979135,
  "Real_youtube/959": 0.004811577604744922,
  "Real_youtube/055": 0.005238638090139086,
  "Real_youtube/757": 0.0031575241591781378,
  "Real_youtube/058": 0.0033614857926626096,
  "Real_youtube/999": 0.0049920455891300335,
  "Real_youtube/505": 0.003830059981820258,
  "Real_youtube/038": 0.004419373581185937,
  "Real_youtube/059": 0.0031459993598136034,
  "Real_youtube/089": 0.0032224573237313466,
  "Real_youtube/634": 0.0038000382483005524,
  "Real_youtube/156": 0.004168771778826009,
  "Real_youtube/746": 0.008044901388612661,
  "Real_youtube/588": 0.003417953404343941,
  "Real_youtube/791": 0.014018786986443129,
  "Real_youtube/068": 0.005333466751670296,
  "Real_youtube/978": 0.0033048122528601775,
  "Real_youtube/628": 0.004465949255973101,
  "Real_youtube/230": 0.0035768923222679982,
  "Real_youtube/009": 0.006467182570221749,
  "Real_youtube/748": 0.0038489020556550135,
  "Real_youtube/583": 0.004990457557141781,
  "NeuralTextures/219": 0.9729857837209607,
  "NeuralTextures/488": 0.44809103659400257,
  "NeuralTextures/977": 0.04490755150776984,
  "NeuralTextures/857": 0.9924769407451743,
  "NeuralTextures/964": 0.8852384425699711,
  "NeuralTextures/791": 0.1818926914198564,
  "NeuralTextures/103": 0.9748201650558131,
  "NeuralTextures/487": 0.8161613823901309,
  "NeuralTextures/746": 0.08923832332660066,
  "NeuralTextures/098": 0.9934006882185983,
  "NeuralTextures/636": 0.8528620051865531,
  "NeuralTextures/640": 0.9898379893586187,
  "NeuralTextures/623": 0.9794266837658269,
  "NeuralTextures/763": 0.9542012677924467,
  "NeuralTextures/199": 0.992270555236552,
  "NeuralTextures/127": 0.8609945159036629,
  "NeuralTextures/642": 0.7487643126508977,
  "NeuralTextures/577": 0.12701032734890977,
  "NeuralTextures/176": 0.14656254210703,
  "NeuralTextures/317": 0.10836220778856832,
  "NeuralTextures/250": 0.9950981317180219,
  "NeuralTextures/131": 0.9931464153941315,
  "NeuralTextures/800": 0.9813776494252799,
  "NeuralTextures/489": 0.9962751959810162,
  "NeuralTextures/192": 0.9840543016348735,
  "NeuralTextures/955": 0.4621605522709318,
  "NeuralTextures/262": 0.922214018531365,
  "NeuralTextures/319": 0.9752311600316869,
  "NeuralTextures/356": 0.9922009417326143,
  "NeuralTextures/874": 0.8350016264669081,
  "NeuralTextures/527": 0.20297977060891023,
  "NeuralTextures/361": 0.8907668486532598,
  "NeuralTextures/491": 0.9942358348629262,
  "NeuralTextures/486": 0.9950035456383582,
  "NeuralTextures/770": 0.9955682795826751,
  "NeuralTextures/170": 0.8981087246891295,
  "NeuralTextures/504": 0.9942289738371821,
  "NeuralTextures/443": 0.28015735675350273,
  "NeuralTextures/221": 0.995585288151656,
  "NeuralTextures/234": 0.9946868360632717,
  "NeuralTextures/896": 0.9906832717432834,
  "NeuralTextures/484": 0.1365283017304938,
  "NeuralTextures/179": 0.5304826340905511,
  "NeuralTextures/455": 0.7897105465578561,
  "NeuralTextures/052": 0.976616901926475,
  "NeuralTextures/299": 0.9951505318726643,
  "NeuralTextures/189": 0.9947414687364409,
  "NeuralTextures/224": 0.9950116731152676,
  "NeuralTextures/985": 0.09280349497711009,
  "NeuralTextures/621": 0.9651068921136384,
  "NeuralTextures/943": 0.988707447406089,
  "NeuralTextures/254": 0.9909274955787281,
  "NeuralTextures/381": 0.9917364934883496,
  "NeuralTextures/710": 0.4258335544773848,
  "NeuralTextures/868": 0.9921417637626724,
  "NeuralTextures/065": 0.32818604602782736,
  "NeuralTextures/992": 0.9951383430178803,
  "NeuralTextures/677": 0.8396713828096295,
  "NeuralTextures/152": 0.9910376957147429,
  "NeuralTextures/396": 0.9929954509923954,
  "NeuralTextures/181": 0.0071970931816809245,
  "NeuralTextures/391": 0.995578397618662,
  "NeuralTextures/845": 0.6796767583006237,
  "NeuralTextures/145": 0.9965118517970094,
  "NeuralTextures/082": 0.7418271371965656,
  "NeuralTextures/983": 0.9208974634656811,
  "NeuralTextures/439": 0.3285798396739998,
  "NeuralTextures/832": 0.45252790375345264,
  "NeuralTextures/438": 0.24629373138420063,
  "NeuralTextures/366": 0.9963487339491891,
  "NeuralTextures/921": 0.9137644893167043,
  "NeuralTextures/018": 0.965646479389455,
  "NeuralTextures/891": 0.9937800894869436,
  "NeuralTextures/130": 0.9487918084210688,
  "NeuralTextures/543": 0.6394745961643091,
  "NeuralTextures/965": 0.01210437140584287,
  "NeuralTextures/941": 0.9389599378746335,
  "NeuralTextures/202": 0.2373615180345086,
  "NeuralTextures/324": 0.9698977261265316,
  "NeuralTextures/674": 0.9953056491247498,